<?xml version="1.0" encoding="UTF-8"?>
<project-private xmlns="http://www.netbeans.org/ns/project-private/1">
    <editor-bookmarks xmlns="http://www.netbeans.org/ns/editor-bookmarks/2" lastBookmarkId="0"/>
    <open-files xmlns="http://www.netbeans.org/ns/projectui-open-files/2">
        <group>
            <file>file:/C:/Users/Hristian%20Vitrychenko/Documents/NetBeansProjects/Company/src/company/Trainee.java</file>
            <file>file:/C:/Users/Hristian%20Vitrychenko/Documents/NetBeansProjects/Company/src/company/Interface.java</file>
            <file>file:/C:/Users/Hristian%20Vitrychenko/Documents/NetBeansProjects/Company/src/company/Employee.java</file>
            <file>file:/C:/Users/Hristian%20Vitrychenko/Documents/NetBeansProjects/Company/src/company/Worker_List.java</file>
            <file>file:/C:/Users/Hristian%20Vitrychenko/Documents/NetBeansProjects/Company/src/company/Worker.java</file>
            <file>file:/C:/Users/Hristian%20Vitrychenko/Documents/NetBeansProjects/Company/src/company/Manager.java</file>
            <file>file:/C:/Users/Hristian%20Vitrychenko/Documents/NetBeansProjects/Company/src/company/Company.java</file>
            <file>file:/C:/Users/Hristian%20Vitrychenko/Documents/NetBeansProjects/Company/src/company/File_ReaderPopulator.java</file>
        </group>
    </open-files>
</project-private>
